[
	{
		"inputs": [
			{
				"internalType": "contract ERC20",
				"name": "addressUSDT",
				"type": "address"
			},
			{
				"internalType": "address",
				"name": "_owner",
				"type": "address"
			},
			{
				"internalType": "address",
				"name": "_liquidity",
				"type": "address"
			}
		],
		"stateMutability": "nonpayable",
		"type": "constructor"
	},
	{
		"anonymous": false,
		"inputs": [
			{
				"indexed": true,
				"internalType": "address",
				"name": "account",
				"type": "address"
			},
			{
				"indexed": true,
				"internalType": "uint256",
				"name": "gain",
				"type": "uint256"
			},
			{
				"indexed": true,
				"internalType": "uint256",
				"name": "index",
				"type": "uint256"
			}
		],
		"name": "_GAIN",
		"type": "event"
	},
	{
		"anonymous": false,
		"inputs": [
			{
				"indexed": true,
				"internalType": "address",
				"name": "account",
				"type": "address"
			},
			{
				"indexed": true,
				"internalType": "uint256",
				"name": "amount",
				"type": "uint256"
			}
		],
		"name": "_INVERTER",
		"type": "event"
	},
	{
		"anonymous": false,
		"inputs": [
			{
				"indexed": true,
				"internalType": "address",
				"name": "account",
				"type": "address"
			},
			{
				"indexed": true,
				"internalType": "uint256",
				"name": "amount",
				"type": "uint256"
			}
		],
		"name": "_WITHDRAW",
		"type": "event"
	},
	{
		"inputs": [],
		"name": "ACTIVE_BALANCE",
		"outputs": [],
		"stateMutability": "nonpayable",
		"type": "function"
	},
	{
		"inputs": [
			{
				"internalType": "address",
				"name": "newOwner",
				"type": "address"
			}
		],
		"name": "CHANGE_OWNER",
		"outputs": [],
		"stateMutability": "nonpayable",
		"type": "function"
	},
	{
		"inputs": [
			{
				"internalType": "uint256",
				"name": "index",
				"type": "uint256"
			}
		],
		"name": "FARM",
		"outputs": [],
		"stateMutability": "nonpayable",
		"type": "function"
	},
	{
		"inputs": [
			{
				"internalType": "uint256",
				"name": "amount",
				"type": "uint256"
			},
			{
				"internalType": "uint256",
				"name": "ref",
				"type": "uint256"
			}
		],
		"name": "INVETS",
		"outputs": [],
		"stateMutability": "nonpayable",
		"type": "function"
	},
	{
		"inputs": [
			{
				"internalType": "uint8",
				"name": "gain",
				"type": "uint8"
			},
			{
				"internalType": "uint8",
				"name": "ref",
				"type": "uint8"
			},
			{
				"internalType": "uint8[4]",
				"name": "ref_array",
				"type": "uint8[4]"
			}
		],
		"name": "PERCENTAGE_CHANGE",
		"outputs": [],
		"stateMutability": "nonpayable",
		"type": "function"
	},
	{
		"inputs": [
			{
				"internalType": "uint256",
				"name": "amount",
				"type": "uint256"
			}
		],
		"name": "REINVETS",
		"outputs": [],
		"stateMutability": "nonpayable",
		"type": "function"
	},
	{
		"inputs": [
			{
				"internalType": "uint256",
				"name": "profit",
				"type": "uint256"
			},
			{
				"internalType": "uint256",
				"name": "lock",
				"type": "uint256"
			}
		],
		"name": "TIME_CHANGE",
		"outputs": [],
		"stateMutability": "nonpayable",
		"type": "function"
	},
	{
		"inputs": [
			{
				"internalType": "address",
				"name": "account",
				"type": "address"
			},
			{
				"internalType": "uint256",
				"name": "index",
				"type": "uint256"
			}
		],
		"name": "VIEW_GAIN",
		"outputs": [
			{
				"internalType": "uint256",
				"name": "",
				"type": "uint256"
			}
		],
		"stateMutability": "view",
		"type": "function"
	},
	{
		"inputs": [
			{
				"internalType": "uint256",
				"name": "amount",
				"type": "uint256"
			}
		],
		"name": "WITHDRAW",
		"outputs": [],
		"stateMutability": "nonpayable",
		"type": "function"
	},
	{
		"inputs": [
			{
				"internalType": "uint256",
				"name": "amount",
				"type": "uint256"
			}
		],
		"name": "WITHDRAW_OWNER",
		"outputs": [],
		"stateMutability": "nonpayable",
		"type": "function"
	},
	{
		"inputs": [
			{
				"internalType": "address",
				"name": "account",
				"type": "address"
			}
		],
		"name": "_BALANCE",
		"outputs": [
			{
				"internalType": "uint256",
				"name": "",
				"type": "uint256"
			}
		],
		"stateMutability": "view",
		"type": "function"
	},
	{
		"inputs": [
			{
				"internalType": "address",
				"name": "account",
				"type": "address"
			}
		],
		"name": "_BALANCE_LOCKED",
		"outputs": [
			{
				"internalType": "uint256",
				"name": "",
				"type": "uint256"
			}
		],
		"stateMutability": "view",
		"type": "function"
	},
	{
		"inputs": [
			{
				"internalType": "address",
				"name": "account",
				"type": "address"
			}
		],
		"name": "_GAIN_REF",
		"outputs": [
			{
				"internalType": "uint256",
				"name": "",
				"type": "uint256"
			}
		],
		"stateMutability": "view",
		"type": "function"
	},
	{
		"inputs": [
			{
				"internalType": "address",
				"name": "account",
				"type": "address"
			}
		],
		"name": "_INVITED",
		"outputs": [
			{
				"internalType": "address",
				"name": "",
				"type": "address"
			}
		],
		"stateMutability": "view",
		"type": "function"
	},
	{
		"inputs": [
			{
				"internalType": "address",
				"name": "account",
				"type": "address"
			},
			{
				"internalType": "uint256",
				"name": "index",
				"type": "uint256"
			}
		],
		"name": "_MY_BATCH",
		"outputs": [
			{
				"components": [
					{
						"internalType": "uint256",
						"name": "TIME",
						"type": "uint256"
					},
					{
						"internalType": "uint256",
						"name": "AMOUNT",
						"type": "uint256"
					},
					{
						"internalType": "uint256",
						"name": "GAIN",
						"type": "uint256"
					},
					{
						"internalType": "bool",
						"name": "STATE",
						"type": "bool"
					}
				],
				"internalType": "struct Dapp.BATCH",
				"name": "",
				"type": "tuple"
			}
		],
		"stateMutability": "view",
		"type": "function"
	},
	{
		"inputs": [
			{
				"internalType": "address",
				"name": "account",
				"type": "address"
			}
		],
		"name": "_MY_BATCH_ALL",
		"outputs": [
			{
				"components": [
					{
						"internalType": "uint256",
						"name": "TIME",
						"type": "uint256"
					},
					{
						"internalType": "uint256",
						"name": "AMOUNT",
						"type": "uint256"
					},
					{
						"internalType": "uint256",
						"name": "GAIN",
						"type": "uint256"
					},
					{
						"internalType": "bool",
						"name": "STATE",
						"type": "bool"
					}
				],
				"internalType": "struct Dapp.BATCH[]",
				"name": "",
				"type": "tuple[]"
			}
		],
		"stateMutability": "view",
		"type": "function"
	},
	{
		"inputs": [
			{
				"internalType": "address",
				"name": "account",
				"type": "address"
			}
		],
		"name": "_REF_TO_ADDRESS",
		"outputs": [
			{
				"internalType": "uint256",
				"name": "",
				"type": "uint256"
			}
		],
		"stateMutability": "view",
		"type": "function"
	},
	{
		"inputs": [
			{
				"internalType": "uint256",
				"name": "index",
				"type": "uint256"
			}
		],
		"name": "_REF_TO_NUMBERS",
		"outputs": [
			{
				"internalType": "address",
				"name": "",
				"type": "address"
			}
		],
		"stateMutability": "view",
		"type": "function"
	},
	{
		"inputs": [
			{
				"internalType": "address",
				"name": "account",
				"type": "address"
			}
		],
		"name": "_TIME_LOCKED",
		"outputs": [
			{
				"internalType": "uint256",
				"name": "",
				"type": "uint256"
			}
		],
		"stateMutability": "view",
		"type": "function"
	}
]